<?xml version="1.0" encoding="UTF-8"?>
<project-private xmlns="http://www.netbeans.org/ns/project-private/1">
    <editor-bookmarks xmlns="http://www.netbeans.org/ns/editor-bookmarks/2" lastBookmarkId="0"/>
    <open-files xmlns="http://www.netbeans.org/ns/projectui-open-files/2">
        <group>
            <file>file:/Users/stephanieorpilla/Desktop/Java/week8/StephanieOrpillaProject8/src/Boat.java</file>
            <file>file:/Users/stephanieorpilla/Desktop/Java/week8/StephanieOrpillaProject8/src/UseBoat.java</file>
        </group>
    </open-files>
</project-private>
